[
{
    "pk": 1, 
    "model": "news.newswebsite", 
    "fields": {
        "url": "http://www.hollywoodreporter.com/", 
        "scraper_runtime": 1, 
        "name": "The Hollywood Reporter", 
        "scraper": 2
    }
},
{
    "pk": 2, 
    "model": "news.newswebsite", 
    "fields": {
        "url": "http://www.tmz.com/", 
        "scraper_runtime": null, 
        "name": "TMZ", 
        "scraper": 3
    }
},
{
    "pk": 3, 
    "model": "news.newswebsite", 
    "fields": {
        "url": "http://variety.com/", 
        "scraper_runtime": null, 
        "name": "Variety", 
        "scraper": 4
    }
},
{
    "pk": 4, 
    "model": "news.newswebsite", 
    "fields": {
        "url": "http://www.justjared.com/", 
        "scraper_runtime": null, 
        "name": "Just Jared", 
        "scraper": 5
    }
},
{
    "pk": 5, 
    "model": "news.newswebsite", 
    "fields": {
        "url": "http://perezhilton.com/", 
        "scraper_runtime": null, 
        "name": "Perez Hilton", 
        "scraper": 6
    }
},
{
    "pk": 1, 
    "model": "dynamic_scraper.scrapedobjclass", 
    "fields": {
        "checker_scheduler_conf": "\"MIN_TIME\": 1440,\r\n\"MAX_TIME\": 10080,\r\n\"INITIAL_NEXT_ACTION_FACTOR\": 1,\r\n\"ZERO_ACTIONS_FACTOR_CHANGE\": 5,\r\n\"FACTOR_CHANGE_FACTOR\": 1.3,\r\n", 
        "scraper_scheduler_conf": "\"MIN_TIME\": 15,\r\n\"MAX_TIME\": 10080,\r\n\"INITIAL_NEXT_ACTION_FACTOR\": 10,\r\n\"ZERO_ACTIONS_FACTOR_CHANGE\": 20,\r\n\"FACTOR_CHANGE_FACTOR\": 1.3,\r\n", 
        "name": "Article", 
        "comments": ""
    }
},
{
    "pk": 1, 
    "model": "dynamic_scraper.scrapedobjattr", 
    "fields": {
        "obj_class": 1, 
        "name": "base", 
        "attr_type": "B"
    }
},
{
    "pk": 2, 
    "model": "dynamic_scraper.scrapedobjattr", 
    "fields": {
        "obj_class": 1, 
        "name": "description", 
        "attr_type": "S"
    }
},
{
    "pk": 3, 
    "model": "dynamic_scraper.scrapedobjattr", 
    "fields": {
        "obj_class": 1, 
        "name": "title", 
        "attr_type": "S"
    }
},
{
    "pk": 4, 
    "model": "dynamic_scraper.scrapedobjattr", 
    "fields": {
        "obj_class": 1, 
        "name": "url", 
        "attr_type": "U"
    }
},
{
    "pk": 5, 
    "model": "dynamic_scraper.scrapedobjattr", 
    "fields": {
        "obj_class": 1, 
        "name": "image", 
        "attr_type": "S"
    }
},
{
    "pk": 2, 
    "model": "dynamic_scraper.scraper", 
    "fields": {
        "status": "A", 
        "pagination_page_replace": "", 
        "checker_ref_url": "", 
        "checker_x_path_result": "", 
        "name": "The Hollywood Reporter", 
        "max_items_save": null, 
        "checker_x_path": "", 
        "pagination_append_str": "", 
        "max_items_read": null, 
        "pagination_on_start": false, 
        "pagination_type": "N", 
        "checker_type": "N", 
        "comments": "", 
        "content_type": "H", 
        "scraped_obj_class": 1
    }
},
{
    "pk": 3, 
    "model": "dynamic_scraper.scraper", 
    "fields": {
        "status": "A", 
        "pagination_page_replace": "", 
        "checker_ref_url": "", 
        "checker_x_path_result": "", 
        "name": "TMZ Scraper", 
        "max_items_save": null, 
        "checker_x_path": "", 
        "pagination_append_str": "", 
        "max_items_read": null, 
        "pagination_on_start": false, 
        "pagination_type": "N", 
        "checker_type": "N", 
        "comments": "", 
        "content_type": "H", 
        "scraped_obj_class": 1
    }
},
{
    "pk": 4, 
    "model": "dynamic_scraper.scraper", 
    "fields": {
        "status": "A", 
        "pagination_page_replace": "", 
        "checker_ref_url": "", 
        "checker_x_path_result": "", 
        "name": "Variety Scraper", 
        "max_items_save": null, 
        "checker_x_path": "", 
        "pagination_append_str": "", 
        "max_items_read": null, 
        "pagination_on_start": false, 
        "pagination_type": "N", 
        "checker_type": "N", 
        "comments": "", 
        "content_type": "H", 
        "scraped_obj_class": 1
    }
},
{
    "pk": 5, 
    "model": "dynamic_scraper.scraper", 
    "fields": {
        "status": "A", 
        "pagination_page_replace": "", 
        "checker_ref_url": "", 
        "checker_x_path_result": "", 
        "name": "Just Jared", 
        "max_items_save": null, 
        "checker_x_path": "", 
        "pagination_append_str": "", 
        "max_items_read": null, 
        "pagination_on_start": false, 
        "pagination_type": "N", 
        "checker_type": "N", 
        "comments": "", 
        "content_type": "H", 
        "scraped_obj_class": 1
    }
},
{
    "pk": 6, 
    "model": "dynamic_scraper.scraper", 
    "fields": {
        "status": "A", 
        "pagination_page_replace": "", 
        "checker_ref_url": "", 
        "checker_x_path_result": "", 
        "name": "Perez Hilton Scraper", 
        "max_items_save": null, 
        "checker_x_path": "", 
        "pagination_append_str": "", 
        "max_items_read": null, 
        "pagination_on_start": false, 
        "pagination_type": "N", 
        "checker_type": "N", 
        "comments": "", 
        "content_type": "H", 
        "scraped_obj_class": 1
    }
},
{
    "pk": 5, 
    "model": "dynamic_scraper.scraperelem", 
    "fields": {
        "proc_ctxt": "", 
        "x_path": "//div[@id=\"page-content\"]/section[@class=\"container\"]/div[@class=\"primary\"]/section[@class=\"promo-main-feature\"]/article", 
        "processors": "", 
        "scraped_obj_attr": 1, 
        "scraper": 2, 
        "from_detail_page": false, 
        "mandatory": true, 
        "reg_exp": ""
    }
},
{
    "pk": 6, 
    "model": "dynamic_scraper.scraperelem", 
    "fields": {
        "proc_ctxt": "", 
        "x_path": "a//img/@src", 
        "processors": "", 
        "scraped_obj_attr": 5, 
        "scraper": 2, 
        "from_detail_page": false, 
        "mandatory": true, 
        "reg_exp": ""
    }
},
{
    "pk": 7, 
    "model": "dynamic_scraper.scraperelem", 
    "fields": {
        "proc_ctxt": "", 
        "x_path": "a/h2/text()", 
        "processors": "", 
        "scraped_obj_attr": 3, 
        "scraper": 2, 
        "from_detail_page": false, 
        "mandatory": true, 
        "reg_exp": ""
    }
},
{
    "pk": 8, 
    "model": "dynamic_scraper.scraperelem", 
    "fields": {
        "proc_ctxt": "", 
        "x_path": "a/p/text()", 
        "processors": "", 
        "scraped_obj_attr": 2, 
        "scraper": 2, 
        "from_detail_page": false, 
        "mandatory": true, 
        "reg_exp": ""
    }
},
{
    "pk": 9, 
    "model": "dynamic_scraper.scraperelem", 
    "fields": {
        "proc_ctxt": "'pre_url':'http://www.hollywoodreporter.com'", 
        "x_path": "a/@href", 
        "processors": "pre_url", 
        "scraped_obj_attr": 4, 
        "scraper": 2, 
        "from_detail_page": false, 
        "mandatory": true, 
        "reg_exp": ""
    }
},
{
    "pk": 10, 
    "model": "dynamic_scraper.scraperelem", 
    "fields": {
        "proc_ctxt": "", 
        "x_path": "//div[@id=\"main-content\"]/article[contains(@class,\"news\")]", 
        "processors": "", 
        "scraped_obj_attr": 1, 
        "scraper": 3, 
        "from_detail_page": false, 
        "mandatory": true, 
        "reg_exp": ""
    }
},
{
    "pk": 11, 
    "model": "dynamic_scraper.scraperelem", 
    "fields": {
        "proc_ctxt": "", 
        "x_path": "normalize-space(a)", 
        "processors": "", 
        "scraped_obj_attr": 3, 
        "scraper": 3, 
        "from_detail_page": false, 
        "mandatory": true, 
        "reg_exp": ""
    }
},
{
    "pk": 12, 
    "model": "dynamic_scraper.scraperelem", 
    "fields": {
        "proc_ctxt": "", 
        "x_path": "normalize-space(div/p)", 
        "processors": "", 
        "scraped_obj_attr": 2, 
        "scraper": 3, 
        "from_detail_page": false, 
        "mandatory": true, 
        "reg_exp": ""
    }
},
{
    "pk": 13, 
    "model": "dynamic_scraper.scraperelem", 
    "fields": {
        "proc_ctxt": "", 
        "x_path": "a/@href", 
        "processors": "", 
        "scraped_obj_attr": 4, 
        "scraper": 3, 
        "from_detail_page": false, 
        "mandatory": true, 
        "reg_exp": ""
    }
},
{
    "pk": 14, 
    "model": "dynamic_scraper.scraperelem", 
    "fields": {
        "proc_ctxt": "", 
        "x_path": "div/p/img/@src", 
        "processors": "", 
        "scraped_obj_attr": 5, 
        "scraper": 3, 
        "from_detail_page": false, 
        "mandatory": true, 
        "reg_exp": ""
    }
},
{
    "pk": 15, 
    "model": "dynamic_scraper.scraperelem", 
    "fields": {
        "proc_ctxt": "", 
        "x_path": "//section[@class=\"module-blogroll-large\"]/article[@class=\"story\"]", 
        "processors": "", 
        "scraped_obj_attr": 1, 
        "scraper": 4, 
        "from_detail_page": false, 
        "mandatory": true, 
        "reg_exp": ""
    }
},
{
    "pk": 16, 
    "model": "dynamic_scraper.scraperelem", 
    "fields": {
        "proc_ctxt": "", 
        "x_path": "normalize-space(h2)", 
        "processors": "", 
        "scraped_obj_attr": 3, 
        "scraper": 4, 
        "from_detail_page": false, 
        "mandatory": true, 
        "reg_exp": ""
    }
},
{
    "pk": 17, 
    "model": "dynamic_scraper.scraperelem", 
    "fields": {
        "proc_ctxt": "", 
        "x_path": "normalize-space(p[not(contains(@class,\"author\"))])", 
        "processors": "", 
        "scraped_obj_attr": 2, 
        "scraper": 4, 
        "from_detail_page": false, 
        "mandatory": true, 
        "reg_exp": ""
    }
},
{
    "pk": 18, 
    "model": "dynamic_scraper.scraperelem", 
    "fields": {
        "proc_ctxt": "", 
        "x_path": "a/@href", 
        "processors": "", 
        "scraped_obj_attr": 4, 
        "scraper": 4, 
        "from_detail_page": false, 
        "mandatory": true, 
        "reg_exp": ""
    }
},
{
    "pk": 19, 
    "model": "dynamic_scraper.scraperelem", 
    "fields": {
        "proc_ctxt": "", 
        "x_path": "a/img/@data-original", 
        "processors": "", 
        "scraped_obj_attr": 5, 
        "scraper": 4, 
        "from_detail_page": false, 
        "mandatory": true, 
        "reg_exp": ""
    }
},
{
    "pk": 20, 
    "model": "dynamic_scraper.scraperelem", 
    "fields": {
        "proc_ctxt": "", 
        "x_path": "//div[@id=\"content\"]/div[@class=\"post\"]", 
        "processors": "", 
        "scraped_obj_attr": 1, 
        "scraper": 5, 
        "from_detail_page": false, 
        "mandatory": true, 
        "reg_exp": ""
    }
},
{
    "pk": 21, 
    "model": "dynamic_scraper.scraperelem", 
    "fields": {
        "proc_ctxt": "", 
        "x_path": "normalize-space(*[self::h1 or self::h2])", 
        "processors": "", 
        "scraped_obj_attr": 3, 
        "scraper": 5, 
        "from_detail_page": false, 
        "mandatory": true, 
        "reg_exp": ""
    }
},
{
    "pk": 22, 
    "model": "dynamic_scraper.scraperelem", 
    "fields": {
        "proc_ctxt": "", 
        "x_path": "normalize-space(div[@class=\"entry\"])", 
        "processors": "", 
        "scraped_obj_attr": 2, 
        "scraper": 5, 
        "from_detail_page": false, 
        "mandatory": true, 
        "reg_exp": ""
    }
},
{
    "pk": 23, 
    "model": "dynamic_scraper.scraperelem", 
    "fields": {
        "proc_ctxt": "", 
        "x_path": "*[self::h1 or self::h2]/a/@href", 
        "processors": "", 
        "scraped_obj_attr": 4, 
        "scraper": 5, 
        "from_detail_page": false, 
        "mandatory": true, 
        "reg_exp": ""
    }
},
{
    "pk": 24, 
    "model": "dynamic_scraper.scraperelem", 
    "fields": {
        "proc_ctxt": "", 
        "x_path": "div[@class=\"lead-img\"]//img/@src", 
        "processors": "", 
        "scraped_obj_attr": 5, 
        "scraper": 5, 
        "from_detail_page": false, 
        "mandatory": true, 
        "reg_exp": ""
    }
},
{
    "pk": 25, 
    "model": "dynamic_scraper.scraperelem", 
    "fields": {
        "proc_ctxt": "", 
        "x_path": "//div[@id=\"left\"]/div[contains(@class,\"post\")]", 
        "processors": "", 
        "scraped_obj_attr": 1, 
        "scraper": 6, 
        "from_detail_page": false, 
        "mandatory": true, 
        "reg_exp": ""
    }
},
{
    "pk": 26, 
    "model": "dynamic_scraper.scraperelem", 
    "fields": {
        "proc_ctxt": "", 
        "x_path": "normalize-space(h2)", 
        "processors": "", 
        "scraped_obj_attr": 3, 
        "scraper": 6, 
        "from_detail_page": false, 
        "mandatory": true, 
        "reg_exp": ""
    }
},
{
    "pk": 27, 
    "model": "dynamic_scraper.scraperelem", 
    "fields": {
        "proc_ctxt": "", 
        "x_path": "normalize-space(div[contains(@class,\"entry\")])", 
        "processors": "", 
        "scraped_obj_attr": 2, 
        "scraper": 6, 
        "from_detail_page": false, 
        "mandatory": true, 
        "reg_exp": ""
    }
},
{
    "pk": 28, 
    "model": "dynamic_scraper.scraperelem", 
    "fields": {
        "proc_ctxt": "", 
        "x_path": "h2/a/@href", 
        "processors": "", 
        "scraped_obj_attr": 4, 
        "scraper": 6, 
        "from_detail_page": false, 
        "mandatory": true, 
        "reg_exp": ""
    }
},
{
    "pk": 29, 
    "model": "dynamic_scraper.scraperelem", 
    "fields": {
        "proc_ctxt": "", 
        "x_path": "div[contains(@class, \"entry\")]/p/img/@psrc", 
        "processors": "", 
        "scraped_obj_attr": 5, 
        "scraper": 6, 
        "from_detail_page": false, 
        "mandatory": true, 
        "reg_exp": ""
    }
},
{
    "pk": 1, 
    "model": "dynamic_scraper.schedulerruntime", 
    "fields": {
        "next_action_factor": null, 
        "next_action_time": "2014-04-21T20:00:14Z", 
        "num_zero_actions": 0, 
        "runtime_type": "S"
    }
},
{
    "pk": 72, 
    "model": "dynamic_scraper.schedulerruntime", 
    "fields": {
        "next_action_factor": null, 
        "next_action_time": "2014-05-20T16:50:31Z", 
        "num_zero_actions": 0, 
        "runtime_type": "C"
    }
},
{
    "pk": 73, 
    "model": "dynamic_scraper.schedulerruntime", 
    "fields": {
        "next_action_factor": null, 
        "next_action_time": "2014-05-20T16:50:31Z", 
        "num_zero_actions": 0, 
        "runtime_type": "C"
    }
},
{
    "pk": 74, 
    "model": "dynamic_scraper.schedulerruntime", 
    "fields": {
        "next_action_factor": null, 
        "next_action_time": "2014-05-20T16:50:31Z", 
        "num_zero_actions": 0, 
        "runtime_type": "C"
    }
},
{
    "pk": 75, 
    "model": "dynamic_scraper.schedulerruntime", 
    "fields": {
        "next_action_factor": null, 
        "next_action_time": "2014-05-20T16:50:31Z", 
        "num_zero_actions": 0, 
        "runtime_type": "C"
    }
}
]
